                  epoch,         train/box_loss,         train/cls_loss,         train/dfl_loss,   metrics/precision(B),      metrics/recall(B),       metrics/mAP50(B),    metrics/mAP50-95(B),           val/box_loss,           val/cls_loss,           val/dfl_loss,                 lr/pg0,                 lr/pg1,                 lr/pg2
2,1.815,3.0631,1.8623,0.37771,0.03492,0.02144,0.00763,2.1845,                 31.925,2.8085,0.062541,0.0035413,0.0035413
3,1.7691,2.9813,1.8258,0.15441,0.19563,0.10137,0.04098,1.8282,                 3.1288,1.933,0.04372,0.0052918,0.0052918
4,1.7089,2.8334,1.758,0.49685,0.17116,0.09852,0.04223,1.9205,                 6.4727,2.0777,0.024882,0.0070248,0.0070248
5,1.6575,2.7351,1.7406,0.85411,0.14709,0.15775,0.08377,1.9364,                 4.3226,2.1416,0.0085093,0.0085093,0.0085093
6,1.6283,2.6871,1.7105,0.6415,0.2323,0.23604,0.13915,1.5607,                 3.1884,1.6755,0.0084666,0.0084666,0.0084666
7,1.6127,2.6533,1.6788,0.30425,0.3241,0.28969,0.15405,1.523,                 2.2369,1.5968,0.0084239,0.0084239,0.0084239
8,1.5576,2.5223,1.6313,0.24165,0.21572,0.1699,0.08121,1.804,                 3.1288,1.8785,0.0083812,0.0083812,0.0083812
9,1.5325,2.4449,1.6061,0.41495,0.33101,0.32242,0.17112,1.5345,                 2.1427,1.6248,0.0083386,0.0083386,0.0083386
10,1.541,2.4266,1.5947,0.30329,0.26326,0.22377,0.10463,1.6542,                 2.6288,1.7094,0.0082959,0.0082959,0.0082959
11,1.5053,2.381,1.5779,0.45636,0.35269,0.30915,0.17334,1.4459,                 3.0231,1.5027,0.0082532,0.0082532,0.0082532
12,1.4814,2.326,1.5533,0.47785,0.29655,0.27825,0.15236,1.4637,                 2.8117,1.5485,0.0082105,0.0082105,0.0082105
13,1.483,2.2542,1.5524,0.55733,0.30474,0.31164,0.17224,1.5162,                 2.5361,1.5629,0.0081679,0.0081679,0.0081679
14,1.4577,2.2349,1.5306,0.4903,0.3538,0.35178,0.19427,1.4221,                 2.2234,1.4715,0.0081252,0.0081252,0.0081252
15,1.4547,2.1974,1.5165,0.37188,0.3792,0.3173,0.17349,1.4205,                 2.0409,1.4929,0.0080825,0.0080825,0.0080825
16,1.4382,2.1975,1.5093,0.49926,0.38911,0.39512,0.22244,1.3988,                 1.8338,1.463,0.0080398,0.0080398,0.0080398
17,1.4194,2.1253,1.489,0.49491,0.39002,0.38821,0.21667,1.4178,                 1.8731,1.5014,0.0079971,0.0079971,0.0079971
18,1.4026,2.1071,1.4708,0.47767,0.36746,0.35719,0.19876,1.464,                 2.3096,1.5095,0.0079545,0.0079545,0.0079545
19,1.3886,2.0612,1.4684,0.54565,0.4055,0.41933,0.25133,1.3652,                 1.9132,1.4522,0.0079118,0.0079118,0.0079118
20,1.401,2.0578,1.4696,0.43049,0.33509,0.32916,0.18718,1.4724,                 2.3695,1.5338,0.0078691,0.0078691,0.0078691
21,1.3976,2.0462,1.4727,0.48338,0.41428,0.42058,0.24074,1.3272,                  1.694,1.394,0.0078264,0.0078264,0.0078264
22,1.3852,1.9841,1.4481,0.62157,0.36716,0.40963,0.23629,1.3702,                 1.8231,1.4253,0.0077837,0.0077837,0.0077837
23,1.3749,1.9916,1.4378,0.55765,0.39166,0.38305,0.21679,1.4261,                 2.0611,1.4523,0.0077411,0.0077411,0.0077411
24,1.3631,1.9579,1.4412,0.49931,0.40221,0.42269,0.24413,1.3147,                 1.7231,1.3591,0.0076984,0.0076984,0.0076984
25,1.3372,1.8942,1.405,0.53086,0.43686,0.45355,0.24486,1.3665,                 1.6715,1.4086,0.0076557,0.0076557,0.0076557
26,1.3503,1.9357,1.42,0.50308,0.42321,0.42503,0.2504,1.3178,                 1.6947,1.3488,0.007613,0.007613,0.007613
27,1.3438,1.9299,1.4219,0.49689,0.43705,0.44617,0.26499,1.2822,                 1.6217,1.3303,0.0075703,0.0075703,0.0075703
28,1.3402,1.8653,1.4091,0.45463,0.42884,0.42012,0.2597,1.2829,                 1.9194,1.345,0.0075277,0.0075277,0.0075277
29,1.3193,1.8365,1.3967,0.56364,0.41799,0.4547,0.27379,1.269,                   1.63,1.3406,0.007485,0.007485,0.007485
30,1.3187,1.8452,1.3852,0.59486,0.41817,0.45246,0.25451,1.364,                 1.8338,1.38,0.0074423,0.0074423,0.0074423
31,1.3179,1.8351,1.3921,0.45281,0.4597,0.42051,0.24793,1.3151,                 1.8701,1.3405,0.0073996,0.0073996,0.0073996
32,1.3043,1.8193,1.3795,0.58261,0.46599,0.49045,0.28783,1.2829,                 1.5413,1.3347,0.0073569,0.0073569,0.0073569
33,1.2808,1.7651,1.3687,0.66459,0.44237,0.49443,0.31101,1.148,                 1.4973,1.2483,0.0073143,0.0073143,0.0073143
34,1.2954,1.792,1.3748,0.51533,0.46707,0.48711,0.29489,1.2265,                 1.5106,1.3082,0.0072716,0.0072716,0.0072716
35,1.2815,1.745,1.3668,0.52259,0.46078,0.48537,0.29762,1.2378,                 1.5741,1.3202,0.0072289,0.0072289,0.0072289
36,1.286,1.7347,1.3615,0.65318,0.45361,0.49334,0.29012,1.2591,                 1.4659,1.3071,0.0071862,0.0071862,0.0071862
37,1.2578,1.7087,1.3511,0.51121,0.48804,0.49188,0.30548,1.2057,                 1.4927,1.2745,0.0071436,0.0071436,0.0071436
38,1.2571,1.6972,1.3387,0.545,0.4999,0.50974,0.31279,1.1677,                 1.4588,1.2506,0.0071009,0.0071009,0.0071009
39,1.2767,1.6959,1.3576,0.50896,0.49134,0.47851,0.28953,1.2179,                 1.5468,1.2906,0.0070582,0.0070582,0.0070582
40,1.2819,1.7198,1.3472,0.56992,0.45812,0.48119,0.30213,1.1884,                 1.6673,1.2562,0.0070155,0.0070155,0.0070155
41,1.246,1.6641,1.3412,0.54588,0.49112,0.51233,0.31905,1.1548,                 1.4191,1.2457,0.0069728,0.0069728,0.0069728
42,1.2439,1.6207,1.3186,0.66869,0.48474,0.52573,0.32787,1.1577,                 1.4023,1.2437,0.0069302,0.0069302,0.0069302
43,1.2453,1.6485,1.3252,0.51145,0.46859,0.45897,0.28091,1.2394,                 1.5683,1.3192,0.0068875,0.0068875,0.0068875
44,1.2443,1.6107,1.3142,0.52089,0.51378,0.48825,0.29007,1.1827,                 1.5896,1.251,0.0068448,0.0068448,0.0068448
45,1.2453,1.6226,1.3209,0.59736,0.4611,0.49473,0.29733,1.2518,                  1.459,1.2831,0.0068021,0.0068021,0.0068021
46,1.2365,1.6168,1.3102,0.61028,0.47726,0.50589,0.28479,1.2852,                  1.479,1.3117,0.0067594,0.0067594,0.0067594
47,1.2476,1.595,1.3128,0.53389,0.51402,0.50764,0.29997,1.1897,                 1.3925,1.2489,0.0067168,0.0067168,0.0067168
48,1.209,1.5425,1.2882,0.67625,0.48702,0.53046,0.33361,1.1489,                 1.3718,1.2402,0.0066741,0.0066741,0.0066741
49,1.2302,1.5561,1.3126,0.58937,0.49247,0.50669,0.30799,1.1997,                 1.4609,1.2697,0.0066314,0.0066314,0.0066314
50,1.2138,1.5402,1.2957,0.51832,0.51348,0.49244,0.29802,1.1849,                 1.4688,1.249,0.0065887,0.0065887,0.0065887
51,1.2082,1.5378,1.2921,0.50463,0.49876,0.50297,0.29722,1.2414,                 1.4801,1.2886,0.006546,0.006546,0.006546
52,1.2073,1.5274,1.2908,0.5712,0.52267,0.52906,0.3272,1.1697,                 1.4492,1.2332,0.0065034,0.0065034,0.0065034
53,1.1823,1.5054,1.2785,0.50755,0.52797,0.51872,0.32707,1.1693,                 1.4139,1.2396,0.0064607,0.0064607,0.0064607
54,1.1931,1.4843,1.2741,0.57954,0.52354,0.54068,0.31994,1.2364,                 1.3298,1.2828,0.006418,0.006418,0.006418
55,1.2039,1.5034,1.28,0.59728,0.51422,0.53735,0.32694,1.1911,                 1.3502,1.2404,0.0063753,0.0063753,0.0063753
56,1.1796,1.4689,1.2637,0.58943,0.51557,0.53698,0.31019,1.2264,                  1.331,1.2761,0.0063326,0.0063326,0.0063326
57,1.1829,1.4515,1.2716,0.56864,0.53255,0.53782,0.32847,1.1558,                 1.3187,1.2195,0.00629,0.00629,0.00629
58,1.1758,1.4513,1.27,0.48788,0.52937,0.49809,0.30505,1.1878,                 1.5329,1.2656,0.0062473,0.0062473,0.0062473
59,1.1689,1.4305,1.2552,0.58037,0.51805,0.53733,0.33477,1.1573,                 1.3549,1.2493,0.0062046,0.0062046,0.0062046
60,1.169,1.4321,1.2687,0.5318,0.55757,0.54172,0.32666,1.1421,                 1.3581,1.2243,0.0061619,0.0061619,0.0061619
61,1.1648,1.4241,1.2583,0.59001,0.48454,0.51153,0.30305,1.2054,                 1.4203,1.2672,0.0061193,0.0061193,0.0061193
62,1.1662,1.3952,1.26,0.57206,0.51839,0.52781,0.30325,1.2697,                 1.3651,1.283,0.0060766,0.0060766,0.0060766
63,1.1398,1.3896,1.2515,0.63033,0.50512,0.52958,0.31253,1.2263,                  1.393,1.2694,0.0060339,0.0060339,0.0060339
64,1.1482,1.3676,1.2468,0.61474,0.52531,0.5464,0.3225,1.2203,                 1.4035,1.2538,0.0059912,0.0059912,0.0059912
65,1.1339,1.3511,1.2363,0.58857,0.53322,0.55485,0.34824,1.1352,                 1.2953,1.2089,0.0059485,0.0059485,0.0059485
66,1.1323,1.3472,1.2431,0.61288,0.50031,0.52448,0.30607,1.1989,                 1.3768,1.2611,0.0059059,0.0059059,0.0059059
67,1.1364,1.3694,1.24,0.62524,0.49936,0.5391,0.31749,1.1943,                 1.3423,1.2424,0.0058632,0.0058632,0.0058632
68,1.1226,1.3421,1.227,0.61446,0.50851,0.51595,0.30433,1.2216,                 1.3397,1.2806,0.0058205,0.0058205,0.0058205
69,1.1249,1.3287,1.2253,0.57559,0.52599,0.5292,0.31316,1.2057,                 1.3287,1.2472,0.0057778,0.0057778,0.0057778
70,1.1112,1.3338,1.2206,0.56433,0.55979,0.5515,0.33552,1.1682,                 1.2649,1.2394,0.0057351,0.0057351,0.0057351
71,1.1068,1.2897,1.2138,0.59202,0.54632,0.56133,0.348,1.1509,                 1.2835,1.2371,0.0056925,0.0056925,0.0056925
72,1.1064,1.2755,1.2104,0.57332,0.53175,0.5448,0.3411,1.1064,                 1.3017,1.1982,0.0056498,0.0056498,0.0056498
73,1.1198,1.2874,1.2093,0.62927,0.54316,0.56328,0.34046,1.1529,                 1.2788,1.2207,0.0056071,0.0056071,0.0056071
74,1.1047,1.2766,1.2049,0.57373,0.54701,0.54969,0.32784,1.1427,                 1.2749,1.2209,0.0055644,0.0055644,0.0055644
75,1.0968,1.2721,1.2027,0.60487,0.53256,0.54794,0.32726,1.2063,                 1.3134,1.2688,0.0055217,0.0055217,0.0055217
76,1.0994,1.2605,1.203,0.59985,0.51538,0.53181,0.31568,1.215,                  1.293,1.281,0.0054791,0.0054791,0.0054791
77,1.0778,1.2431,1.1924,0.59192,0.55275,0.57802,0.35177,1.1483,                 1.2409,1.2343,0.0054364,0.0054364,0.0054364
78,1.0948,1.2482,1.1977,0.6569,0.51636,0.54218,0.33349,1.1203,                 1.2921,1.2064,0.0053937,0.0053937,0.0053937
79,1.0769,1.1957,1.18,0.59985,0.54794,0.55418,0.34314,1.127,                 1.2458,1.2218,0.005351,0.005351,0.005351
80,1.0736,1.2023,1.1837,0.58034,0.56186,0.55757,0.34077,1.1595,                 1.2758,1.2313,0.0053083,0.0053083,0.0053083
81,1.0789,1.2038,1.1751,0.63282,0.54919,0.57184,0.34149,1.1942,                 1.2374,1.2461,0.0052657,0.0052657,0.0052657
82,1.0663,1.1977,1.1752,0.59115,0.55749,0.57305,0.34413,1.2165,                 1.2666,1.2566,0.005223,0.005223,0.005223
83,1.0729,1.204,1.1842,0.67104,0.511,0.56094,0.32579,1.2225,                 1.2446,1.285,0.0051803,0.0051803,0.0051803
84,1.0555,1.175,1.1691,0.55755,0.55227,0.54585,0.33416,1.1683,                 1.2578,1.2417,0.0051376,0.0051376,0.0051376
85,1.0702,1.1755,1.1763,0.57209,0.53535,0.54493,0.32718,1.2036,                 1.2772,1.2493,0.005095,0.005095,0.005095
86,1.0552,1.1596,1.1691,0.54255,0.57865,0.57044,0.3428,1.158,                  1.226,1.2277,0.0050523,0.0050523,0.0050523
87,1.0427,1.1502,1.1613,0.61148,0.53846,0.55062,0.33582,1.118,                 1.2482,1.2136,0.0050096,0.0050096,0.0050096
88,1.0389,1.1303,1.1612,0.64918,0.5287,0.55442,0.32956,1.2148,                 1.2687,1.2542,0.0049669,0.0049669,0.0049669
89,1.0429,1.1422,1.1593,0.65504,0.50832,0.55059,0.34049,1.1459,                 1.3046,1.2222,0.0049242,0.0049242,0.0049242
90,1.0512,1.1308,1.1539,0.61992,0.53077,0.55697,0.3332,1.1651,                 1.2386,1.2323,0.0048816,0.0048816,0.0048816
91,1.0411,1.1436,1.1507,0.59115,0.54595,0.55051,0.34753,1.1117,                 1.2454,1.1945,0.0048389,0.0048389,0.0048389
92,1.0147,1.0926,1.1338,0.62758,0.52543,0.55888,0.34008,1.1554,                 1.2532,1.2262,0.0047962,0.0047962,0.0047962
93,1.0136,1.0895,1.1353,0.68282,0.52118,0.58067,0.35224,1.1423,                   1.23,1.2228,0.0047535,0.0047535,0.0047535
94,0.9948,1.0823,1.123,0.60938,0.53378,0.55613,0.34709,1.1093,                 1.2216,1.2179,0.0047108,0.0047108,0.0047108
95,1.0047,1.0824,1.1285,0.62868,0.53342,0.56944,0.36089,1.0967,                 1.1971,1.211,0.0046682,0.0046682,0.0046682
96,0.98143,1.0483,1.121,0.63484,0.55089,0.56441,0.36457,1.0855,                 1.1646,1.2158,0.0046255,0.0046255,0.0046255
97,0.98887,1.0526,1.1096,0.63732,0.5404,0.55312,0.348,1.0901,                 1.2244,1.2125,0.0045828,0.0045828,0.0045828
98,0.96675,1.0368,1.1119,0.62141,0.56087,0.58218,0.36332,1.1217,                 1.1793,1.241,0.0045401,0.0045401,0.0045401
99,0.98727,1.0466,1.1183,0.63303,0.51169,0.55054,0.35237,1.0921,                 1.2139,1.2001,0.0044974,0.0044974,0.0044974
100,0.97447,1.0459,1.1134,0.60367,0.54666,0.57532,0.36519,1.0791,                 1.2103,1.2016,0.0044548,0.0044548,0.0044548
101,0.96609,1.0332,1.1022,0.60268,0.5463,0.54643,0.34486,1.111,                 1.2128,1.2377,0.0044121,0.0044121,0.0044121
102,0.95324,1.0125,1.0959,0.61095,0.52995,0.56052,0.35907,1.1097,                 1.2231,1.2368,0.0043694,0.0043694,0.0043694
104,0.99908,1.0872,1.1265,0.64803,0.52586,0.56038,0.34357,1.1438,1.262,1.2462,0.0042841,0.0042841,0.0042841
105,0.98348,1.0756,1.113,0.69903,0.52316,0.56765,0.35696,1.1025,1.2099,1.2289,0.0042414,0.0042414,0.0042414
106,0.95982,1.0183,1.1014,0.57349,0.5482,0.5467,0.34562,1.1066,1.2169,1.2407,0.0041987,0.0041987,0.0041987
107,0.94724,1.0173,1.0971,0.59075,0.53661,0.5608,0.35842,1.0929,1.2249,1.2334,0.004156,0.004156,0.004156
108,0.96719,1.0428,1.1111,0.58605,0.55267,0.55985,0.36067,1.0676,1.1956,1.2072,0.0041133,0.0041133,0.0041133
109,0.94593,1.0185,1.0948,0.63306,0.52527,0.56999,0.36844,1.0727,1.1951,1.2153,0.0040707,0.0040707,0.0040707
110,0.92949,0.98229,1.0779,0.65223,0.5451,0.57614,0.38221,1.0572,1.1693,1.2103,0.004028,0.004028,0.004028
111,0.91174,0.96924,1.0737,0.66941,0.4997,0.55165,0.35427,1.0805,1.2147,1.2222,0.0039853,0.0039853,0.0039853
112,0.9252,0.97816,1.0717,0.6472,0.54833,0.58021,0.38075,1.0416,1.1564,1.2032,0.0039426,0.0039426,0.0039426
113,0.91203,0.98285,1.0677,0.61818,0.53307,0.56814,0.3708,1.0376,1.1862,1.2013,0.0038999,0.0038999,0.0038999
114,0.89506,0.93899,1.0533,0.6273,0.53229,0.56496,0.36252,1.068,1.1869,1.219,0.0038573,0.0038573,0.0038573
115,0.91438,0.96142,1.0665,0.63939,0.51891,0.56034,0.36316,1.055,1.197,1.1964,0.0038146,0.0038146,0.0038146
116,0.88835,0.93412,1.0516,0.62544,0.52321,0.55789,0.36493,1.0543,1.1828,1.2141,0.0037719,0.0037719,0.0037719
117,0.89334,0.92932,1.0553,0.66092,0.52966,0.56445,0.36499,1.0657,1.1766,1.2227,0.0037292,0.0037292,0.0037292
118,0.88447,0.92899,1.0482,0.6367,0.50943,0.5583,0.36497,1.0744,1.1736,1.2391,0.0036865,0.0036865,0.0036865
119,0.87821,0.91626,1.0438,0.58817,0.54749,0.56916,0.37215,1.0618,1.1611,1.2387,0.0036439,0.0036439,0.0036439
120,0.86593,0.91172,1.0321,0.64805,0.53168,0.56461,0.37206,1.0343,1.1577,1.2003,0.0036012,0.0036012,0.0036012
121,0.85102,0.87558,1.025,0.61467,0.53559,0.55706,0.36841,1.0497,1.1809,1.2208,0.0035585,0.0035585,0.0035585
122,0.86539,0.89082,1.0275,0.60561,0.54817,0.56473,0.37576,1.0424,1.148,1.2138,0.0035158,0.0035158,0.0035158
123,0.86992,0.90323,1.0387,0.61481,0.531,0.56041,0.37015,1.057,1.1496,1.222,0.0034731,0.0034731,0.0034731
124,0.84879,0.8735,1.0202,0.5992,0.53931,0.55504,0.37054,1.0433,1.1762,1.2181,0.0034305,0.0034305,0.0034305
125,0.8544,0.90075,1.027,0.64159,0.53759,0.56995,0.37887,1.0333,1.1361,1.2079,0.0033878,0.0033878,0.0033878
126,0.8452,0.86572,1.0237,0.6586,0.516,0.56768,0.38255,1.0364,1.15,1.2191,0.0033451,0.0033451,0.0033451
127,0.83521,0.85292,1.0132,0.58925,0.53921,0.55771,0.37689,1.0422,1.16,1.2308,0.0033024,0.0033024,0.0033024
128,0.83308,0.85887,1.0144,0.58621,0.55678,0.56736,0.37291,1.0682,1.1747,1.2455,0.0032598,0.0032598,0.0032598
129,0.83666,0.87827,1.0187,0.56332,0.55891,0.55993,0.369,1.0381,1.1765,1.2148,0.0032171,0.0032171,0.0032171
130,0.8241,0.85221,1.0099,0.60854,0.54289,0.57103,0.37716,1.0542,1.1619,1.2274,0.0031744,0.0031744,0.0031744
131,0.81425,0.82845,0.99889,0.67297,0.5252,0.566,0.375,1.0556,1.1731,1.2344,0.0031317,0.0031317,0.0031317
132,0.81712,0.83457,1.0005,0.61124,0.55069,0.5669,0.37264,1.0522,1.1633,1.2427,0.003089,0.003089,0.003089
133,0.82113,0.83368,1.0007,0.66414,0.51737,0.55856,0.36879,1.0606,1.1805,1.2545,0.0030464,0.0030464,0.0030464
134,0.81524,0.84452,1.0048,0.67159,0.52011,0.569,0.36851,1.0595,1.1604,1.232,0.0030037,0.0030037,0.0030037
135,0.79209,0.82019,0.99376,0.60397,0.55097,0.56392,0.37572,1.0386,1.144,1.2472,0.002961,0.002961,0.002961
136,0.80657,0.82947,0.99946,0.61472,0.54304,0.56104,0.37618,1.046,1.1536,1.2478,0.0029183,0.0029183,0.0029183
137,0.79728,0.804,0.98762,0.69907,0.52039,0.56391,0.37076,1.0525,1.148,1.248,0.0028756,0.0028756,0.0028756
138,0.78357,0.80005,0.97658,0.64661,0.53709,0.56609,0.3753,1.0422,1.1676,1.2354,0.002833,0.002833,0.002833
139,0.78984,0.79381,0.992,0.59523,0.56319,0.57325,0.37793,1.0355,1.1608,1.2408,0.0027903,0.0027903,0.0027903
140,0.78372,0.79718,0.97844,0.68389,0.5213,0.57872,0.38839,1.0252,1.1291,1.2299,0.0027476,0.0027476,0.0027476
141,0.78951,0.79843,0.98626,0.63675,0.52568,0.56763,0.37518,1.0487,1.1662,1.2522,0.0027049,0.0027049,0.0027049
142,0.78421,0.80093,0.97732,0.71586,0.50713,0.57325,0.38266,1.0254,1.1454,1.2327,0.0026622,0.0026622,0.0026622
143,0.7719,0.77259,0.97481,0.65665,0.52372,0.57624,0.38385,1.0259,1.139,1.241,0.0026196,0.0026196,0.0026196
144,0.76084,0.76834,0.95872,0.59807,0.56139,0.57289,0.38257,1.0311,1.1575,1.2569,0.0025769,0.0025769,0.0025769
145,0.76698,0.77952,0.96804,0.67581,0.53368,0.5644,0.37908,1.0333,1.1371,1.2619,0.0025342,0.0025342,0.0025342
146,0.76218,0.75446,0.9566,0.64513,0.52861,0.56382,0.37302,1.029,1.1492,1.2454,0.0024915,0.0024915,0.0024915
147,0.76593,0.77048,0.97095,0.59873,0.56229,0.57251,0.38323,1.0429,1.1603,1.2535,0.0024488,0.0024488,0.0024488
148,0.7593,0.75933,0.95818,0.64639,0.52339,0.55827,0.37599,1.0289,1.1608,1.2377,0.0024062,0.0024062,0.0024062
149,0.77526,0.77917,0.96816,0.66256,0.5189,0.56843,0.38403,1.0457,1.1601,1.2585,0.0023635,0.0023635,0.0023635
150,0.74764,0.75158,0.95924,0.64834,0.55265,0.57376,0.38959,1.0159,1.1526,1.2297,0.0023208,0.0023208,0.0023208
151,0.74713,0.75268,0.95956,0.69282,0.52485,0.56818,0.38868,1.0086,1.146,1.2141,0.0022781,0.0022781,0.0022781
152,0.74216,0.74559,0.95164,0.67977,0.52307,0.57266,0.38326,1.0155,1.1425,1.229,0.0022355,0.0022355,0.0022355
153,0.73585,0.73495,0.94776,0.63431,0.54406,0.56847,0.38479,1.01,1.1539,1.2182,0.0021928,0.0021928,0.0021928
154,0.74064,0.74414,0.95619,0.64042,0.54139,0.57421,0.38565,1.0204,1.1521,1.235,0.0021501,0.0021501,0.0021501
155,0.72452,0.73933,0.94478,0.66318,0.53455,0.57771,0.3885,1.0286,1.1248,1.2531,0.0021074,0.0021074,0.0021074
156,0.72515,0.72146,0.94045,0.64958,0.53776,0.56889,0.3841,1.0247,1.1329,1.2597,0.0020647,0.0020647,0.0020647
157,0.73528,0.73809,0.94429,0.67078,0.53465,0.57763,0.38454,1.0229,1.1263,1.2518,0.0020221,0.0020221,0.0020221
158,0.72899,0.71864,0.93985,0.66841,0.53093,0.5723,0.38579,1.0372,1.1473,1.2602,0.0019794,0.0019794,0.0019794
159,0.7239,0.7151,0.93871,0.68597,0.52062,0.56777,0.3791,1.036,1.1473,1.2762,0.0019367,0.0019367,0.0019367
160,0.72267,0.73603,0.94223,0.68605,0.50888,0.55986,0.37544,1.0343,1.1461,1.2596,0.001894,0.001894,0.001894
161,0.71262,0.70444,0.93163,0.63272,0.54342,0.5674,0.38082,1.0396,1.1322,1.2779,0.0018513,0.0018513,0.0018513
162,0.71088,0.71989,0.93954,0.68094,0.52185,0.56952,0.37938,1.0347,1.1541,1.2698,0.0018087,0.0018087,0.0018087
163,0.71887,0.71472,0.93578,0.6535,0.54035,0.57196,0.3865,1.0251,1.134,1.2525,0.001766,0.001766,0.001766
164,0.7093,0.70352,0.93121,0.62829,0.54944,0.56619,0.37894,1.0315,1.1454,1.2569,0.0017233,0.0017233,0.0017233
165,0.70135,0.70391,0.92781,0.66517,0.53882,0.56364,0.38425,1.0186,1.1467,1.2477,0.0016806,0.0016806,0.0016806
166,0.70003,0.70204,0.92982,0.66119,0.53549,0.56202,0.38564,1.0169,1.1497,1.2522,0.0016379,0.0016379,0.0016379
167,0.68739,0.68866,0.91906,0.69075,0.51857,0.55921,0.38356,1.0186,1.1314,1.2593,0.0015953,0.0015953,0.0015953
168,0.67933,0.67789,0.92001,0.64583,0.54281,0.56345,0.38396,1.0211,1.1322,1.2592,0.0015526,0.0015526,0.0015526
169,0.70103,0.70134,0.93032,0.64267,0.54519,0.56804,0.38372,1.0242,1.1335,1.2519,0.0015099,0.0015099,0.0015099
170,0.69556,0.70395,0.92499,0.63408,0.55163,0.56513,0.38096,1.0282,1.1289,1.2487,0.0014672,0.0014672,0.0014672
171,0.68031,0.68642,0.91208,0.63627,0.53048,0.56192,0.38047,1.0223,1.1382,1.2526,0.0014245,0.0014245,0.0014245
172,0.69084,0.69289,0.92173,0.63677,0.53573,0.55799,0.38,1.0283,1.139,1.2578,0.0013819,0.0013819,0.0013819
173,0.68145,0.68459,0.91633,0.72588,0.4953,0.55708,0.38411,1.0184,1.1261,1.248,0.0013392,0.0013392,0.0013392
174,0.66675,0.66156,0.90454,0.6501,0.52637,0.56119,0.37907,1.0277,1.1381,1.2657,0.0012965,0.0012965,0.0012965
175,0.68797,0.67914,0.91238,0.6254,0.54954,0.55979,0.37924,1.0355,1.1475,1.2708,0.0012538,0.0012538,0.0012538
176,0.6673,0.66604,0.90487,0.64483,0.54057,0.55598,0.38137,1.0201,1.1403,1.2651,0.0012112,0.0012112,0.0012112
177,0.67122,0.6622,0.90444,0.67927,0.52635,0.55979,0.38108,1.0281,1.1433,1.2658,0.0011685,0.0011685,0.0011685
178,0.67789,0.66762,0.91045,0.66086,0.53204,0.56173,0.38138,1.0204,1.127,1.2619,0.0011258,0.0011258,0.0011258
179,0.66543,0.66588,0.91043,0.6591,0.52761,0.55679,0.38088,1.0226,1.1365,1.2623,0.0010831,0.0010831,0.0010831
180,0.6719,0.66648,0.90602,0.62213,0.54645,0.55565,0.37969,1.0264,1.1303,1.2658,0.0010404,0.0010404,0.0010404
181,0.65287,0.64054,0.89157,0.66582,0.53348,0.57002,0.38717,1.0183,1.1289,1.2594,0.00099776,0.00099776,0.00099776
182,0.65563,0.65161,0.8989,0.65539,0.53248,0.5656,0.38641,1.0198,1.1313,1.2699,0.00095508,0.00095508,0.00095508
183,0.65845,0.65505,0.894,0.65192,0.52112,0.55692,0.3841,1.015,1.1411,1.2627,0.0009124,0.0009124,0.0009124
184,0.65432,0.65742,0.89871,0.61161,0.54787,0.55818,0.38634,1.0201,1.1332,1.2626,0.00086972,0.00086972,0.00086972
185,0.6632,0.66262,0.90544,0.67255,0.52059,0.55635,0.38159,1.0177,1.1313,1.2647,0.00082704,0.00082704,0.00082704
186,0.65842,0.65923,0.89916,0.64332,0.52907,0.55846,0.38541,1.0192,1.1508,1.2635,0.00078436,0.00078436,0.00078436
187,0.661,0.65583,0.89791,0.67018,0.5153,0.56064,0.3841,1.0203,1.1421,1.2691,0.00074168,0.00074168,0.00074168
188,0.63554,0.62603,0.88746,0.67011,0.52554,0.56152,0.38378,1.0139,1.1427,1.2647,0.000699,0.000699,0.000699
189,0.63893,0.6329,0.89189,0.64729,0.533,0.56225,0.38534,1.0112,1.1422,1.2635,0.00065632,0.00065632,0.00065632
190,0.64828,0.6506,0.8975,0.6495,0.52795,0.5617,0.3872,1.0153,1.1365,1.2676,0.00061365,0.00061365,0.00061365
191,0.5866,0.52177,0.86229,0.67176,0.5264,0.56169,0.38411,1.0216,1.1432,1.2682,0.00057097,0.00057097,0.00057097
192,0.5725,0.51364,0.8569,0.66566,0.53301,0.56279,0.38192,1.0271,1.1472,1.2765,0.00052829,0.00052829,0.00052829
193,0.57466,0.51316,0.85247,0.69894,0.50945,0.55841,0.37935,1.0311,1.1518,1.289,0.00048561,0.00048561,0.00048561
194,0.56058,0.49548,0.84427,0.70857,0.51294,0.55884,0.37844,1.0327,1.1513,1.2942,0.00044293,0.00044293,0.00044293
195,0.56406,0.50134,0.84627,0.69936,0.51576,0.56184,0.38105,1.0253,1.143,1.2846,0.00040025,0.00040025,0.00040025
196,0.55463,0.49028,0.84337,0.69878,0.5173,0.56098,0.38251,1.0248,1.146,1.2877,0.00035757,0.00035757,0.00035757
197,0.55477,0.4913,0.84228,0.69503,0.51097,0.5592,0.38183,1.0248,1.1426,1.2917,0.00031489,0.00031489,0.00031489
198,0.5602,0.49708,0.84511,0.69809,0.51312,0.56044,0.38226,1.0255,1.1444,1.293,0.00027221,0.00027221,0.00027221
199,0.55807,0.48793,0.84217,0.69542,0.51234,0.55812,0.38179,1.0274,1.1528,1.295,0.00022953,0.00022953,0.00022953
200,0.56026,0.48859,0.84426,0.69763,0.51299,0.56049,0.38225,1.0249,1.1542,1.2909,0.00018685,0.00018685,0.00018685
